{
  "data":{
    "diaglist": [
      {
        "CODE": "0",
        "NAME": ""
      }
    ],
    "malist": [
      {
        "CODE": "0",
        "NAME": ""
      }
    ],
    "partlist": [
      {
        "CODE": "0",
        "NAME": "胸部"
      },
      {
        "CODE": "1",
        "NAME": "腰椎"
      },
      {
        "CODE": "2",
        "NAME": "膝关节"
      },
      {
        "CODE": "3",
        "NAME": "骨盆"
      },
      {
        "CODE": "4",
        "NAME": "颈椎"
      }
    ],
    "piclist": [
      {
        "CODE": "0",
        "NAME": ""
      }
    ],
    "ratelist": [
      {
        "CODE": "0",
        "NAME": ""
      }
    ],
    "savepiclist": [
      {
        "CODE": "0",
        "NAME": ""
      }
    ]
  },
  "failtCode":"",
  "funName":"",
  "link":"",
  "message":"",
  "messageCode":"",
  "requstUrl":"",
  "type":"SUCCESS"
}
